id_poliza,id_asegurado,ramo,fecha_inicio,fecha_fin,prima,suma_asegurada,deducible,canal_venta,ciudad,estado_poliza
POL-00001,ASG-00231,Vida,2026-05-24,2027-05-24,687.84,29886.7,500.34,Broker,Guayaquil,Cancelada
POL-00002,ASG-00300,Vida,2025-06-07,2026-06-07,445.68,32837.72,838.44,Agente,Quito,Activa
POL-00003,ASG-00138,Salud,2025-05-02,2026-05-02,946.0,40275.06,323.42,Directo,Manta,Vencida
POL-00004,ASG-00185,Vehiculos,2025-02-06,2026-02-06,455.58,47433.21,555.79,Digital,Loja,Activa
POL-00005,ASG-00068,Vehiculos,2024-10-05,2025-10-05,618.57,25197.97,643.79,Directo,Loja,Activa
POL-00006,ASG-00014,Vehiculos,2025-04-14,2026-04-14,901.65,9187.89,678.44,Digital,Guayaquil,Vencida
POL-00007,ASG-00007,Hogar,2025-02-05,2026-02-05,1003.48,40062.61,779.88,Broker,Guayaquil,Cancelada
POL-00008,ASG-00267,Salud,2025-05-17,2026-05-17,1465.04,12627.58,415.14,Digital,Loja,Vencida
POL-00009,ASG-00075,Vehiculos,2024-07-11,2025-07-11,584.25,17418.28,439.8,Agente,Ambato,Vencida
POL-00010,ASG-00129,Salud,2024-08-12,2025-08-12,1525.53,27311.11,693.34,Directo,Cuenca,Activa
POL-00011,ASG-00070,Hogar,2024-10-21,2025-10-21,311.5,22806.14,873.29,Directo,Cuenca,Vencida
POL-00012,ASG-00226,Hogar,2025-12-27,2026-12-27,1032.05,42059.09,720.83,Broker,Quito,Vencida
POL-00013,ASG-00165,Generales,2024-08-26,2025-08-26,1910.37,14038.32,451.35,Directo,Guayaquil,Vencida
POL-00014,ASG-00150,Vida,2024-08-21,2025-08-21,1945.2,40188.85,460.71,Digital,Loja,Vencida
POL-00015,ASG-00187,Vehiculos,2025-05-22,2026-05-22,1884.51,13991.0,997.81,Broker,Quito,Cancelada
POL-00016,ASG-00394,Generales,2024-05-29,2025-05-29,345.76,37724.6,954.38,Broker,Cuenca,Vencida
POL-00017,ASG-00150,Vehiculos,2024-12-08,2025-12-08,1692.24,40804.56,527.31,Directo,Loja,Activa
POL-00018,ASG-00325,Hogar,2026-01-14,2027-01-14,711.44,34639.83,772.19,Directo,Cuenca,Activa
POL-00019,ASG-00230,Generales,2025-08-30,2026-08-30,1114.7,23036.23,605.29,Directo,Quito,Cancelada
POL-00020,ASG-00019,Hogar,2025-03-03,2026-03-03,1492.78,41553.36,675.06,Agente,Loja,Activa
POL-00021,ASG-00394,Salud,2025-05-12,2026-05-12,1417.92,20975.4,717.6,Agente,Cuenca,Cancelada
POL-00022,ASG-00331,Vida,2026-05-12,2027-05-12,1943.58,19921.85,836.98,Agente,Guayaquil,Activa
POL-00023,ASG-00051,Hogar,2024-08-01,2025-08-01,677.4,38608.39,646.39,Broker,Ambato,Vencida
POL-00024,ASG-00192,Vida,2025-04-14,2026-04-14,1087.21,35580.0,752.35,Broker,Loja,Vencida
POL-00025,ASG-00013,Vida,2024-05-30,2025-05-30,477.73,23718.89,969.38,Agente,Ambato,Cancelada
POL-00026,ASG-00073,Hogar,2024-08-12,2025-08-12,830.21,25489.97,365.49,Directo,Ambato,Vencida
POL-00027,ASG-00244,Vehiculos,2025-09-29,2026-09-29,1044.88,36354.35,455.13,Digital,Loja,Activa
POL-00028,ASG-00364,Vehiculos,2025-07-15,2026-07-15,338.39,20438.51,287.49,Broker,Quito,Cancelada
POL-00029,ASG-00125,Generales,2025-04-20,2026-04-20,596.57,12206.11,647.88,Directo,Guayaquil,Activa
POL-00030,ASG-00208,Salud,2025-02-13,2026-02-13,616.86,34578.86,516.47,Broker,Manta,Vencida
POL-00031,ASG-00304,Vida,2025-06-11,2026-06-11,961.02,36713.1,364.63,Agente,Quito,Cancelada
POL-00032,ASG-00053,Generales,2024-09-11,2025-09-11,617.83,19669.32,566.04,Digital,Loja,Cancelada
POL-00033,ASG-00251,Generales,2025-09-18,2026-09-18,1942.06,19103.18,510.91,Directo,Guayaquil,Cancelada
POL-00034,ASG-00059,Hogar,2024-08-28,2025-08-28,898.37,25603.73,338.02,Digital,Quito,Cancelada
POL-00035,ASG-00303,Vehiculos,2026-03-10,2027-03-10,1442.59,19093.36,390.86,Agente,Cuenca,Activa
POL-00036,ASG-00192,Salud,2025-01-07,2026-01-07,1168.4,23820.76,310.29,Directo,Loja,Vencida
POL-00037,ASG-00096,Vida,2026-02-20,2027-02-20,1380.35,36204.48,716.21,Broker,Guayaquil,Cancelada
POL-00038,ASG-00086,Vida,2025-08-16,2026-08-16,791.02,13419.44,873.59,Agente,Guayaquil,Vencida
POL-00039,ASG-00005,Vida,2026-04-12,2027-04-12,532.11,41684.72,971.06,Directo,Quito,Vencida
POL-00040,ASG-00351,Vida,2025-07-25,2026-07-25,1006.57,42795.13,590.96,Agente,Guayaquil,Cancelada
POL-00041,ASG-00016,Salud,2024-06-04,2025-06-04,796.55,17368.38,630.09,Broker,Quito,Vencida
POL-00042,ASG-00290,Vida,2026-03-17,2027-03-17,1234.53,10094.49,291.37,Digital,Loja,Cancelada
POL-00043,ASG-00388,Vehiculos,2025-06-16,2026-06-16,1592.01,24861.5,374.83,Directo,Ambato,Activa
POL-00044,ASG-00377,Salud,2024-09-26,2025-09-26,806.11,49969.07,559.79,Digital,Manta,Activa
POL-00045,ASG-00225,Vehiculos,2026-05-22,2027-05-22,1618.57,15662.57,848.56,Digital,Ambato,Cancelada
POL-00046,ASG-00313,Vida,2026-03-29,2027-03-29,582.17,11265.57,365.3,Broker,Cuenca,Activa
POL-00047,ASG-00292,Hogar,2025-05-07,2026-05-07,1204.88,31858.6,334.7,Digital,Loja,Vencida
POL-00048,ASG-00294,Hogar,2025-07-03,2026-07-03,1919.08,28148.67,920.12,Agente,Guayaquil,Activa
POL-00049,ASG-00385,Vida,2025-08-24,2026-08-24,1861.91,49661.88,893.64,Broker,Guayaquil,Cancelada
POL-00050,ASG-00068,Salud,2025-06-01,2026-06-01,548.61,19494.35,398.04,Directo,Loja,Vencida
POL-00051,ASG-00073,Generales,2026-05-07,2027-05-07,1375.08,33251.58,500.14,Agente,Ambato,Cancelada
POL-00052,ASG-00394,Vehiculos,2025-02-17,2026-02-17,984.85,38741.11,755.76,Digital,Cuenca,Vencida
POL-00053,ASG-00250,Hogar,2024-08-05,2025-08-05,1289.32,44100.85,877.73,Agente,Manta,Cancelada
POL-00054,ASG-00235,Hogar,2026-01-30,2027-01-30,1745.18,40805.51,518.17,Directo,Loja,Activa
POL-00055,ASG-00254,Hogar,2024-12-04,2025-12-04,848.87,17761.69,637.85,Broker,Quito,Cancelada
POL-00056,ASG-00249,Hogar,2024-10-30,2025-10-30,1820.06,39301.43,236.75,Directo,Guayaquil,Activa
POL-00057,ASG-00064,Salud,2025-09-09,2026-09-09,1050.19,5030.42,966.43,Broker,Ambato,Cancelada
POL-00058,ASG-00068,Hogar,2026-05-27,2027-05-27,570.26,46972.65,419.22,Digital,Loja,Vencida
POL-00059,ASG-00043,Hogar,2024-09-18,2025-09-18,1429.66,34201.0,241.43,Digital,Guayaquil,Cancelada
POL-00060,ASG-00359,Salud,2025-07-23,2026-07-23,1029.69,9103.96,276.15,Broker,Manta,Vencida
POL-00061,ASG-00040,Salud,2026-05-14,2027-05-14,1309.26,28374.99,556.05,Agente,Manta,Cancelada
POL-00062,ASG-00176,Vehiculos,2025-01-28,2026-01-28,1979.86,24004.13,305.74,Agente,Loja,Activa
POL-00063,ASG-00197,Vehiculos,2026-05-21,2027-05-21,1542.3,9609.22,450.68,Digital,Cuenca,Activa
POL-00064,ASG-00196,Salud,2024-07-01,2025-07-01,1390.68,35471.17,254.73,Agente,Guayaquil,Cancelada
POL-00065,ASG-00333,Salud,2024-09-15,2025-09-15,1048.17,37509.44,702.46,Broker,Guayaquil,Vencida
POL-00066,ASG-00316,Vida,2025-02-16,2026-02-16,1761.94,8900.96,280.37,Agente,Ambato,Cancelada
POL-00067,ASG-00374,Vida,2025-07-01,2026-07-01,897.61,24322.49,832.86,Broker,Ambato,Vencida
POL-00068,ASG-00331,Vehiculos,2026-03-11,2027-03-11,721.88,32044.96,776.94,Digital,Guayaquil,Cancelada
POL-00069,ASG-00014,Hogar,2026-01-15,2027-01-15,649.26,32311.71,350.92,Directo,Guayaquil,Vencida
POL-00070,ASG-00331,Vehiculos,2026-04-24,2027-04-24,1632.46,40720.01,391.47,Directo,Guayaquil,Activa
POL-00071,ASG-00124,Vida,2025-09-18,2026-09-18,1384.74,8195.54,910.98,Agente,Quito,Vencida
POL-00072,ASG-00163,Salud,2025-02-01,2026-02-01,957.63,42753.8,536.69,Broker,Cuenca,Vencida
POL-00073,ASG-00395,Vehiculos,2024-05-27,2025-05-27,328.37,8038.97,409.75,Agente,Ambato,Activa
POL-00074,ASG-00204,Generales,2024-11-26,2025-11-26,787.03,37068.31,813.69,Directo,Quito,Cancelada
POL-00075,ASG-00206,Vehiculos,2025-04-08,2026-04-08,1388.91,29194.49,322.14,Agente,Cuenca,Vencida
POL-00076,ASG-00041,Generales,2025-03-07,2026-03-07,1865.57,48844.1,324.3,Digital,Guayaquil,Vencida
POL-00077,ASG-00301,Vehiculos,2025-12-13,2026-12-13,827.29,24686.87,962.74,Broker,Ambato,Activa
POL-00078,ASG-00126,Vehiculos,2025-10-04,2026-10-04,1871.87,10219.4,689.84,Agente,Cuenca,Vencida
POL-00079,ASG-00342,Salud,2024-11-22,2025-11-22,503.05,36855.53,761.2,Broker,Manta,Vencida
POL-00080,ASG-00178,Generales,2025-12-01,2026-12-01,1179.28,42012.81,407.4,Digital,Loja,Activa
POL-00081,ASG-00384,Hogar,2025-11-01,2026-11-01,1545.99,10312.55,919.92,Digital,Loja,Vencida
POL-00082,ASG-00140,Generales,2026-03-26,2027-03-26,408.58,37054.55,661.32,Agente,Ambato,Vencida
POL-00083,ASG-00234,Generales,2026-04-17,2027-04-17,912.21,27482.45,653.51,Digital,Guayaquil,Activa
POL-00084,ASG-00131,Vehiculos,2025-04-24,2026-04-24,1820.26,35335.42,292.27,Agente,Manta,Activa
POL-00085,ASG-00007,Salud,2025-02-22,2026-02-22,378.17,21378.94,936.18,Broker,Guayaquil,Activa
POL-00086,ASG-00284,Vida,2024-10-14,2025-10-14,681.68,16171.84,932.68,Digital,Guayaquil,Vencida
POL-00087,ASG-00040,Generales,2026-01-20,2027-01-20,933.77,27591.84,921.55,Broker,Manta,Activa
POL-00088,ASG-00265,Vehiculos,2024-08-26,2025-08-26,1921.93,8101.69,572.08,Digital,Quito,Vencida
POL-00089,ASG-00168,Vehiculos,2026-05-03,2027-05-03,1240.26,5358.61,360.54,Digital,Loja,Cancelada
POL-00090,ASG-00319,Salud,2024-12-17,2025-12-17,1088.68,31626.09,594.69,Broker,Quito,Cancelada
POL-00091,ASG-00280,Salud,2025-12-12,2026-12-12,555.96,46957.89,219.13,Digital,Cuenca,Cancelada
POL-00092,ASG-00356,Vehiculos,2025-10-06,2026-10-06,1916.68,5065.79,725.84,Digital,Quito,Activa
POL-00093,ASG-00106,Generales,2024-08-03,2025-08-03,1971.3,23891.71,968.95,Broker,Manta,Cancelada
POL-00094,ASG-00144,Vehiculos,2024-08-02,2025-08-02,374.63,15416.27,876.4,Directo,Manta,Cancelada
POL-00095,ASG-00191,Vida,2025-10-27,2026-10-27,1956.74,8820.61,276.46,Broker,Ambato,Cancelada
POL-00096,ASG-00202,Vehiculos,2025-01-27,2026-01-27,1306.22,7802.73,729.96,Broker,Cuenca,Activa
POL-00097,ASG-00150,Hogar,2024-08-02,2025-08-02,1746.55,46671.89,514.36,Digital,Loja,Vencida
POL-00098,ASG-00232,Hogar,2024-08-12,2025-08-12,697.14,47459.96,308.89,Agente,Quito,Activa
POL-00099,ASG-00055,Salud,2025-03-20,2026-03-20,1064.26,19131.5,296.59,Digital,Guayaquil,Activa
POL-00100,ASG-00232,Hogar,2025-12-04,2026-12-04,1087.69,43361.7,272.34,Digital,Quito,Cancelada
POL-00101,ASG-00357,Generales,2025-09-03,2026-09-03,368.56,42616.61,462.23,Agente,Guayaquil,Cancelada
POL-00102,ASG-00128,Hogar,2024-09-27,2025-09-27,973.62,7202.78,439.07,Broker,Loja,Activa
POL-00103,ASG-00208,Vida,2024-08-18,2025-08-18,1245.12,29755.44,275.78,Agente,Manta,Activa
POL-00104,ASG-00063,Vehiculos,2025-07-27,2026-07-27,404.84,40143.2,377.83,Broker,Cuenca,Vencida
POL-00105,ASG-00191,Vehiculos,2024-06-29,2025-06-29,1289.95,16646.93,850.2,Agente,Ambato,Activa
POL-00106,ASG-00102,Vida,2025-02-17,2026-02-17,1675.81,9139.04,877.82,Digital,Loja,Activa
POL-00107,ASG-00022,Vida,2025-04-23,2026-04-23,386.08,46585.93,546.53,Directo,Manta,Vencida
POL-00108,ASG-00016,Vida,2024-12-26,2025-12-26,1461.46,12776.32,371.77,Broker,Quito,Vencida
POL-00109,ASG-00144,Vida,2024-10-16,2025-10-16,1801.82,6559.22,695.34,Broker,Manta,Cancelada
POL-00110,ASG-00152,Vida,2025-05-17,2026-05-17,1000.39,29780.99,248.78,Digital,Loja,Vencida
POL-00111,ASG-00071,Vida,2024-10-19,2025-10-19,639.08,44809.36,620.65,Agente,Quito,Vencida
POL-00112,ASG-00366,Hogar,2024-12-18,2025-12-18,1115.46,40164.58,475.23,Digital,Quito,Vencida
POL-00113,ASG-00139,Salud,2025-03-06,2026-03-06,344.31,31870.24,223.44,Digital,Cuenca,Activa
POL-00114,ASG-00242,Generales,2024-09-19,2025-09-19,907.64,31279.5,386.21,Broker,Ambato,Activa
POL-00115,ASG-00127,Salud,2024-09-28,2025-09-28,753.1,41732.83,933.81,Agente,Manta,Activa
POL-00116,ASG-00295,Vida,2025-01-21,2026-01-21,903.17,42765.0,876.18,Broker,Loja,Activa
POL-00117,ASG-00304,Hogar,2025-12-04,2026-12-04,1670.56,36393.2,931.18,Agente,Quito,Cancelada
POL-00118,ASG-00359,Hogar,2025-12-26,2026-12-26,1910.85,30362.29,650.49,Broker,Manta,Vencida
POL-00119,ASG-00278,Hogar,2024-11-02,2025-11-02,598.45,6708.37,244.93,Broker,Manta,Activa
POL-00120,ASG-00270,Vida,2025-01-05,2026-01-05,301.16,46305.33,361.17,Broker,Guayaquil,Vencida
POL-00121,ASG-00368,Salud,2025-11-14,2026-11-14,1861.93,42992.78,458.87,Agente,Loja,Activa
POL-00122,ASG-00301,Salud,2025-09-11,2026-09-11,1616.42,43091.64,888.54,Agente,Ambato,Vencida
POL-00123,ASG-00361,Vida,2025-12-23,2026-12-23,1296.23,20145.25,458.08,Broker,Guayaquil,Cancelada
POL-00124,ASG-00224,Vida,2026-04-26,2027-04-26,1403.61,12839.12,974.99,Digital,Quito,Activa
POL-00125,ASG-00341,Generales,2024-05-31,2025-05-31,1684.57,22027.28,787.2,Digital,Quito,Activa
POL-00126,ASG-00091,Vehiculos,2024-10-22,2025-10-22,1912.94,47691.42,513.28,Agente,Quito,Activa
POL-00127,ASG-00309,Hogar,2025-04-06,2026-04-06,1865.76,48538.93,376.72,Agente,Cuenca,Vencida
POL-00128,ASG-00073,Hogar,2025-10-05,2026-10-05,1567.08,15709.82,985.9,Broker,Ambato,Cancelada
POL-00129,ASG-00046,Hogar,2025-01-16,2026-01-16,1059.27,16934.56,399.63,Agente,Cuenca,Vencida
POL-00130,ASG-00132,Vehiculos,2026-01-22,2027-01-22,1524.7,7166.64,550.58,Directo,Manta,Activa
POL-00131,ASG-00212,Vida,2025-02-26,2026-02-26,1799.01,20805.4,500.28,Directo,Manta,Cancelada
POL-00132,ASG-00334,Salud,2025-08-30,2026-08-30,576.52,8316.92,876.61,Digital,Quito,Activa
POL-00133,ASG-00164,Hogar,2025-07-12,2026-07-12,1917.83,8339.02,336.08,Directo,Quito,Activa
POL-00134,ASG-00375,Vehiculos,2025-01-16,2026-01-16,1229.98,45415.59,274.48,Directo,Guayaquil,Cancelada
POL-00135,ASG-00016,Vida,2025-12-05,2026-12-05,1902.15,12424.87,911.8,Broker,Quito,Activa
POL-00136,ASG-00052,Hogar,2024-08-15,2025-08-15,649.44,13549.29,757.76,Digital,Quito,Cancelada
POL-00137,ASG-00145,Hogar,2025-01-03,2026-01-03,703.83,7233.59,657.42,Directo,Ambato,Activa
POL-00138,ASG-00028,Hogar,2024-08-19,2025-08-19,306.49,8943.28,859.12,Directo,Loja,Activa
POL-00139,ASG-00050,Vehiculos,2025-01-16,2026-01-16,651.82,33718.58,981.65,Directo,Loja,Activa
POL-00140,ASG-00158,Vida,2025-04-13,2026-04-13,1100.61,45269.49,412.0,Directo,Quito,Activa
POL-00141,ASG-00190,Vida,2024-09-04,2025-09-04,927.98,25059.89,410.64,Directo,Manta,Vencida
POL-00142,ASG-00116,Hogar,2025-07-05,2026-07-05,1259.22,11800.88,757.18,Agente,Cuenca,Activa
POL-00143,ASG-00343,Hogar,2024-12-13,2025-12-13,1673.91,23629.4,805.17,Broker,Loja,Cancelada
POL-00144,ASG-00032,Vida,2025-02-02,2026-02-02,1691.29,23838.44,628.41,Directo,Ambato,Cancelada
POL-00145,ASG-00121,Vida,2024-08-02,2025-08-02,808.05,22766.2,883.15,Agente,Quito,Cancelada
POL-00146,ASG-00293,Generales,2025-04-16,2026-04-16,1660.77,35489.07,696.22,Agente,Ambato,Vencida
POL-00147,ASG-00089,Salud,2026-02-10,2027-02-10,1952.68,41380.73,300.95,Directo,Loja,Activa
POL-00148,ASG-00350,Vida,2024-06-12,2025-06-12,643.26,42015.38,318.3,Digital,Ambato,Vencida
POL-00149,ASG-00373,Vehiculos,2025-09-06,2026-09-06,447.95,30036.39,641.64,Digital,Cuenca,Cancelada
POL-00150,ASG-00235,Vehiculos,2025-11-19,2026-11-19,1637.14,33037.61,618.05,Directo,Loja,Activa
POL-00151,ASG-00213,Salud,2025-07-21,2026-07-21,551.94,31457.04,806.7,Agente,Quito,Activa
POL-00152,ASG-00289,Vehiculos,2026-05-07,2027-05-07,1635.77,44036.39,904.11,Directo,Ambato,Vencida
POL-00153,ASG-00197,Vida,2024-11-19,2025-11-19,1272.44,26287.1,337.76,Directo,Cuenca,Activa
POL-00154,ASG-00317,Generales,2025-06-27,2026-06-27,1457.38,23077.4,516.63,Digital,Loja,Cancelada
POL-00155,ASG-00122,Vehiculos,2026-05-27,2027-05-27,1567.77,46437.57,917.63,Agente,Ambato,Vencida
POL-00156,ASG-00156,Hogar,2024-08-31,2025-08-31,776.59,27122.86,756.95,Agente,Manta,Activa
POL-00157,ASG-00069,Hogar,2026-02-26,2027-02-26,1956.17,24939.98,860.66,Digital,Cuenca,Cancelada
POL-00158,ASG-00214,Generales,2024-06-02,2025-06-02,1397.44,13457.11,369.11,Directo,Quito,Cancelada
POL-00159,ASG-00249,Generales,2026-01-07,2027-01-07,1774.22,41945.78,612.22,Broker,Guayaquil,Activa
POL-00160,ASG-00160,Generales,2025-11-29,2026-11-29,985.75,40123.24,619.43,Agente,Ambato,Activa
POL-00161,ASG-00099,Salud,2026-02-22,2027-02-22,1722.86,16227.06,565.16,Digital,Cuenca,Cancelada
POL-00162,ASG-00102,Hogar,2025-11-22,2026-11-22,926.2,25889.83,517.55,Agente,Loja,Cancelada
POL-00163,ASG-00016,Salud,2025-08-18,2026-08-18,933.19,31731.96,342.07,Directo,Quito,Cancelada
POL-00164,ASG-00283,Hogar,2025-06-06,2026-06-06,885.22,42694.42,406.93,Agente,Cuenca,Vencida
POL-00165,ASG-00015,Vida,2026-01-10,2027-01-10,384.41,43421.96,823.86,Broker,Loja,Activa
POL-00166,ASG-00332,Salud,2025-06-27,2026-06-27,1452.08,17108.76,527.61,Agente,Loja,Cancelada
POL-00167,ASG-00005,Vida,2026-01-23,2027-01-23,1849.58,34131.72,680.91,Agente,Quito,Activa
POL-00168,ASG-00130,Generales,2025-07-16,2026-07-16,1668.65,18745.69,973.62,Digital,Loja,Vencida
POL-00169,ASG-00193,Hogar,2025-01-15,2026-01-15,1080.3,14819.41,441.72,Directo,Manta,Cancelada
POL-00170,ASG-00053,Vehiculos,2025-09-12,2026-09-12,1169.57,34806.0,874.63,Digital,Loja,Cancelada
POL-00171,ASG-00332,Generales,2024-09-30,2025-09-30,1335.39,18431.42,286.48,Agente,Loja,Vencida
POL-00172,ASG-00142,Hogar,2026-02-26,2027-02-26,1764.54,16751.61,768.88,Digital,Manta,Activa
POL-00173,ASG-00077,Generales,2026-04-23,2027-04-23,1601.31,45485.92,844.34,Directo,Guayaquil,Cancelada
POL-00174,ASG-00164,Salud,2025-07-04,2026-07-04,1526.18,34493.03,997.98,Digital,Quito,Vencida
POL-00175,ASG-00208,Vida,2025-02-07,2026-02-07,1552.44,31236.07,995.8,Broker,Manta,Vencida
POL-00176,ASG-00372,Salud,2025-10-07,2026-10-07,1466.74,33724.11,580.59,Digital,Guayaquil,Cancelada
POL-00177,ASG-00154,Salud,2026-04-14,2027-04-14,1729.09,44442.27,344.91,Agente,Ambato,Vencida
POL-00178,ASG-00066,Hogar,2025-07-08,2026-07-08,1532.82,30156.42,930.1,Digital,Cuenca,Cancelada
POL-00179,ASG-00046,Salud,2025-03-10,2026-03-10,903.98,38489.45,445.67,Digital,Cuenca,Vencida
POL-00180,ASG-00134,Generales,2025-08-27,2026-08-27,799.89,43304.62,576.43,Agente,Ambato,Vencida
POL-00181,ASG-00100,Generales,2024-12-09,2025-12-09,503.69,35631.4,623.87,Directo,Loja,Activa
POL-00182,ASG-00078,Salud,2026-04-11,2027-04-11,1986.99,20420.14,989.75,Directo,Manta,Activa
POL-00183,ASG-00162,Salud,2025-03-09,2026-03-09,1624.2,26941.14,704.83,Broker,Manta,Vencida
POL-00184,ASG-00325,Vehiculos,2025-12-20,2026-12-20,308.01,17308.75,808.95,Broker,Cuenca,Cancelada
POL-00185,ASG-00392,Salud,2025-03-29,2026-03-29,1132.28,39360.61,270.43,Directo,Guayaquil,Cancelada
POL-00186,ASG-00220,Vida,2025-12-09,2026-12-09,1029.34,26483.01,203.74,Broker,Manta,Cancelada
POL-00187,ASG-00192,Vehiculos,2025-05-10,2026-05-10,1816.41,39058.15,624.83,Agente,Loja,Cancelada
POL-00188,ASG-00003,Salud,2026-05-03,2027-05-03,684.65,44464.33,449.67,Agente,Quito,Vencida
POL-00189,ASG-00258,Generales,2025-11-23,2026-11-23,820.4,7937.92,236.57,Digital,Loja,Vencida
POL-00190,ASG-00373,Generales,2024-11-24,2025-11-24,1313.83,20202.58,910.38,Broker,Cuenca,Vencida
POL-00191,ASG-00251,Hogar,2024-10-20,2025-10-20,1575.2,12419.76,925.52,Directo,Guayaquil,Activa
POL-00192,ASG-00117,Salud,2025-11-25,2026-11-25,1536.19,10904.26,787.26,Broker,Cuenca,Activa
POL-00193,ASG-00188,Vehiculos,2025-10-25,2026-10-25,937.83,33814.45,817.0,Agente,Quito,Cancelada
POL-00194,ASG-00025,Vehiculos,2025-07-01,2026-07-01,1411.06,5888.38,751.8,Directo,Cuenca,Vencida
POL-00195,ASG-00195,Vehiculos,2025-07-27,2026-07-27,1230.38,26347.84,322.5,Agente,Loja,Vencida
POL-00196,ASG-00216,Vehiculos,2024-12-19,2025-12-19,1426.22,17148.97,684.51,Broker,Ambato,Vencida
POL-00197,ASG-00054,Generales,2024-09-06,2025-09-06,1521.9,10298.06,291.21,Agente,Cuenca,Vencida
POL-00198,ASG-00102,Generales,2025-11-19,2026-11-19,639.57,16834.73,618.52,Broker,Loja,Vencida
POL-00199,ASG-00361,Vida,2026-01-18,2027-01-18,802.1,6773.26,597.08,Broker,Guayaquil,Cancelada
POL-00200,ASG-00247,Hogar,2026-01-03,2027-01-03,698.66,5573.72,271.2,Agente,Manta,Cancelada
POL-00201,ASG-00343,Vida,2025-05-04,2026-05-04,553.55,9053.72,609.36,Agente,Loja,Vencida
POL-00202,ASG-00330,Salud,2026-01-21,2027-01-21,1076.48,48978.09,411.3,Agente,Loja,Activa
POL-00203,ASG-00090,Vehiculos,2025-08-02,2026-08-02,1748.82,21209.66,741.41,Directo,Manta,Cancelada
POL-00204,ASG-00060,Vehiculos,2026-02-04,2027-02-04,1747.12,45063.14,207.74,Broker,Manta,Cancelada
POL-00205,ASG-00332,Salud,2025-07-28,2026-07-28,858.72,45253.74,964.07,Digital,Loja,Cancelada
POL-00206,ASG-00048,Hogar,2024-07-01,2025-07-01,1685.44,13229.12,520.62,Directo,Cuenca,Vencida
POL-00207,ASG-00198,Vida,2025-03-13,2026-03-13,1659.83,34198.09,837.53,Agente,Cuenca,Activa
POL-00208,ASG-00357,Vehiculos,2025-05-18,2026-05-18,1968.67,42995.74,282.97,Directo,Guayaquil,Cancelada
POL-00209,ASG-00348,Vida,2024-11-15,2025-11-15,608.14,22088.79,486.88,Agente,Quito,Cancelada
POL-00210,ASG-00373,Salud,2025-12-31,2026-12-31,1121.24,26965.52,910.08,Directo,Cuenca,Activa
POL-00211,ASG-00033,Hogar,2026-03-04,2027-03-04,1413.46,5556.21,894.67,Broker,Ambato,Cancelada
POL-00212,ASG-00174,Generales,2024-12-19,2025-12-19,1189.28,36526.11,276.19,Broker,Guayaquil,Vencida
POL-00213,ASG-00178,Vida,2024-12-15,2025-12-15,552.71,42189.7,913.65,Agente,Loja,Activa
POL-00214,ASG-00330,Salud,2025-06-11,2026-06-11,1159.46,26118.0,596.67,Broker,Loja,Activa
POL-00215,ASG-00385,Vida,2025-11-05,2026-11-05,845.08,19890.27,422.53,Broker,Guayaquil,Cancelada
POL-00216,ASG-00330,Vida,2025-07-24,2026-07-24,985.57,15575.0,567.28,Directo,Loja,Activa
POL-00217,ASG-00256,Vida,2024-08-05,2025-08-05,837.3,49130.18,796.19,Agente,Cuenca,Activa
POL-00218,ASG-00207,Vida,2024-08-15,2025-08-15,360.91,29709.45,860.73,Digital,Manta,Cancelada
POL-00219,ASG-00288,Salud,2026-05-03,2027-05-03,1412.81,25529.36,472.68,Agente,Loja,Activa
POL-00220,ASG-00233,Hogar,2024-11-23,2025-11-23,1252.26,32889.11,578.51,Digital,Manta,Cancelada
POL-00221,ASG-00232,Vehiculos,2025-12-10,2026-12-10,465.64,34650.96,201.76,Digital,Quito,Cancelada
POL-00222,ASG-00150,Generales,2024-10-29,2025-10-29,1187.37,36594.32,236.62,Broker,Loja,Vencida
POL-00223,ASG-00072,Vida,2025-05-01,2026-05-01,481.83,32488.33,350.03,Directo,Ambato,Activa
POL-00224,ASG-00235,Salud,2026-03-24,2027-03-24,1518.54,9849.46,531.58,Agente,Loja,Vencida
POL-00225,ASG-00235,Generales,2025-10-26,2026-10-26,1925.52,11058.62,599.06,Agente,Loja,Cancelada
POL-00226,ASG-00222,Generales,2025-01-15,2026-01-15,1120.98,27874.98,936.93,Broker,Ambato,Cancelada
POL-00227,ASG-00297,Salud,2026-04-30,2027-04-30,1541.84,10777.18,509.92,Digital,Manta,Cancelada
POL-00228,ASG-00197,Vida,2025-02-02,2026-02-02,1965.15,46215.96,809.9,Digital,Cuenca,Vencida
POL-00229,ASG-00176,Hogar,2025-06-02,2026-06-02,1069.84,11001.73,530.2,Digital,Loja,Cancelada
POL-00230,ASG-00281,Hogar,2024-08-15,2025-08-15,1510.19,47098.04,706.07,Broker,Guayaquil,Activa
POL-00231,ASG-00320,Hogar,2025-08-22,2026-08-22,1467.24,46453.63,306.14,Broker,Guayaquil,Cancelada
POL-00232,ASG-00278,Hogar,2024-09-16,2025-09-16,1507.6,39234.88,649.82,Directo,Manta,Cancelada
POL-00233,ASG-00383,Generales,2026-04-27,2027-04-27,786.08,43128.55,846.64,Agente,Quito,Activa
POL-00234,ASG-00196,Salud,2026-05-08,2027-05-08,390.21,7547.21,413.58,Broker,Guayaquil,Vencida
POL-00235,ASG-00350,Hogar,2025-05-18,2026-05-18,548.93,7791.48,827.49,Broker,Ambato,Cancelada
POL-00236,ASG-00017,Hogar,2026-04-25,2027-04-25,1683.84,9611.6,894.43,Broker,Loja,Cancelada
POL-00237,ASG-00332,Generales,2026-05-18,2027-05-18,961.11,27991.5,837.47,Digital,Loja,Cancelada
POL-00238,ASG-00341,Vehiculos,2026-05-17,2027-05-17,1875.02,22439.96,965.36,Digital,Quito,Cancelada
POL-00239,ASG-00028,Vehiculos,2025-11-28,2026-11-28,1564.24,14138.93,895.08,Directo,Loja,Activa
POL-00240,ASG-00325,Hogar,2026-03-12,2027-03-12,1583.68,29597.68,682.71,Broker,Cuenca,Vencida
POL-00241,ASG-00230,Salud,2025-04-17,2026-04-17,1971.87,8351.1,969.98,Agente,Quito,Vencida
POL-00242,ASG-00021,Vida,2024-05-29,2025-05-29,774.49,16890.78,328.74,Digital,Ambato,Activa
POL-00243,ASG-00170,Vida,2025-02-28,2026-02-28,1506.47,11966.26,322.96,Digital,Cuenca,Cancelada
POL-00244,ASG-00027,Generales,2025-05-20,2026-05-20,1733.34,18551.97,831.93,Digital,Quito,Activa
POL-00245,ASG-00363,Hogar,2025-05-30,2026-05-30,1193.17,48064.45,616.49,Broker,Guayaquil,Vencida
POL-00246,ASG-00279,Generales,2026-05-26,2027-05-26,985.81,20723.13,906.72,Digital,Loja,Vencida
POL-00247,ASG-00185,Hogar,2025-05-16,2026-05-16,671.36,38869.51,624.4,Agente,Loja,Activa
POL-00248,ASG-00343,Hogar,2026-02-07,2027-02-07,1057.63,45702.34,690.96,Broker,Loja,Activa
POL-00249,ASG-00350,Hogar,2025-03-15,2026-03-15,948.33,40829.3,290.7,Digital,Ambato,Cancelada
POL-00250,ASG-00371,Hogar,2025-07-02,2026-07-02,342.0,28259.05,816.4,Directo,Ambato,Vencida
POL-00251,ASG-00023,Hogar,2024-10-14,2025-10-14,1827.08,13663.06,611.12,Agente,Guayaquil,Activa
POL-00252,ASG-00396,Generales,2025-10-16,2026-10-16,1206.45,33211.99,368.63,Broker,Cuenca,Cancelada
POL-00253,ASG-00218,Vehiculos,2025-09-05,2026-09-05,649.49,42293.69,902.91,Directo,Loja,Cancelada
POL-00254,ASG-00037,Salud,2025-04-10,2026-04-10,340.38,37259.07,230.31,Agente,Manta,Activa
POL-00255,ASG-00092,Hogar,2025-06-27,2026-06-27,1248.74,30873.3,382.12,Digital,Manta,Vencida
POL-00256,ASG-00199,Vida,2025-06-05,2026-06-05,1371.37,24486.13,213.51,Agente,Guayaquil,Cancelada
POL-00257,ASG-00004,Generales,2025-09-23,2026-09-23,407.5,38567.8,236.41,Agente,Manta,Vencida
POL-00258,ASG-00258,Vehiculos,2025-12-23,2026-12-23,792.72,35864.54,685.25,Digital,Loja,Vencida
POL-00259,ASG-00196,Vida,2024-08-29,2025-08-29,1697.61,6386.86,325.06,Broker,Guayaquil,Activa
POL-00260,ASG-00383,Vida,2025-03-13,2026-03-13,1654.51,43226.03,435.98,Broker,Quito,Vencida
POL-00261,ASG-00347,Hogar,2025-04-08,2026-04-08,1927.57,5501.76,899.81,Broker,Ambato,Activa
POL-00262,ASG-00022,Vehiculos,2025-06-06,2026-06-06,1273.62,22733.68,638.02,Agente,Manta,Vencida
POL-00263,ASG-00108,Hogar,2026-05-10,2027-05-10,659.95,45753.26,881.17,Broker,Cuenca,Activa
POL-00264,ASG-00095,Salud,2024-08-03,2025-08-03,1348.7,16373.38,291.7,Agente,Loja,Cancelada
POL-00265,ASG-00237,Generales,2024-09-11,2025-09-11,424.35,35225.84,400.55,Broker,Cuenca,Cancelada
POL-00266,ASG-00298,Vida,2026-04-23,2027-04-23,1917.62,21071.23,737.04,Broker,Cuenca,Activa
POL-00267,ASG-00146,Generales,2026-01-07,2027-01-07,418.68,13707.44,588.69,Digital,Ambato,Cancelada
POL-00268,ASG-00338,Hogar,2024-06-01,2025-06-01,1478.88,11857.77,653.49,Digital,Loja,Vencida
POL-00269,ASG-00087,Vehiculos,2026-01-24,2027-01-24,832.47,40354.71,769.76,Directo,Quito,Vencida
POL-00270,ASG-00185,Salud,2025-12-23,2026-12-23,1455.29,19920.33,583.96,Directo,Loja,Vencida
POL-00271,ASG-00397,Hogar,2025-12-08,2026-12-08,1127.85,9897.47,716.44,Agente,Quito,Vencida
POL-00272,ASG-00072,Generales,2025-01-29,2026-01-29,633.93,38009.51,701.3,Agente,Ambato,Activa
POL-00273,ASG-00260,Vehiculos,2026-04-09,2027-04-09,1681.49,31050.54,815.36,Broker,Ambato,Activa
POL-00274,ASG-00283,Hogar,2025-12-19,2026-12-19,1223.9,49942.77,577.68,Broker,Cuenca,Vencida
POL-00275,ASG-00201,Salud,2025-12-09,2026-12-09,1815.44,31532.03,885.73,Broker,Loja,Vencida
POL-00276,ASG-00257,Generales,2025-01-20,2026-01-20,453.94,21373.95,208.47,Broker,Guayaquil,Cancelada
POL-00277,ASG-00351,Salud,2026-03-14,2027-03-14,1587.25,11316.68,327.38,Broker,Guayaquil,Cancelada
POL-00278,ASG-00375,Vida,2026-02-12,2027-02-12,1896.6,6818.89,809.18,Broker,Guayaquil,Activa
POL-00279,ASG-00136,Hogar,2024-08-31,2025-08-31,697.83,35086.35,614.31,Digital,Guayaquil,Vencida
POL-00280,ASG-00241,Vida,2025-01-01,2026-01-01,1798.64,6795.71,718.82,Agente,Ambato,Cancelada
POL-00281,ASG-00267,Hogar,2025-12-19,2026-12-19,1719.28,16849.22,635.48,Broker,Loja,Vencida
POL-00282,ASG-00335,Vida,2025-06-08,2026-06-08,921.0,34400.14,868.38,Digital,Cuenca,Vencida
POL-00283,ASG-00115,Generales,2024-06-20,2025-06-20,989.93,41775.65,476.03,Directo,Ambato,Cancelada
POL-00284,ASG-00004,Generales,2024-10-27,2025-10-27,1799.46,24795.44,383.99,Digital,Manta,Activa
POL-00285,ASG-00077,Salud,2024-05-28,2025-05-28,567.51,32090.91,853.56,Broker,Guayaquil,Vencida
POL-00286,ASG-00170,Vehiculos,2025-03-11,2026-03-11,1118.58,26546.66,368.56,Broker,Cuenca,Cancelada
POL-00287,ASG-00211,Vehiculos,2025-10-26,2026-10-26,714.24,10754.83,673.88,Broker,Manta,Cancelada
POL-00288,ASG-00263,Vehiculos,2025-03-04,2026-03-04,1814.36,11608.93,333.07,Broker,Cuenca,Cancelada
POL-00289,ASG-00208,Generales,2024-12-16,2025-12-16,1947.71,33693.02,902.81,Digital,Manta,Activa
POL-00290,ASG-00111,Vida,2024-08-16,2025-08-16,1331.09,26213.61,585.33,Broker,Loja,Vencida
POL-00291,ASG-00308,Salud,2026-01-24,2027-01-24,1650.85,41920.39,345.51,Digital,Ambato,Activa
POL-00292,ASG-00371,Hogar,2025-01-05,2026-01-05,1868.0,31844.0,255.07,Directo,Ambato,Vencida
POL-00293,ASG-00068,Vehiculos,2024-11-21,2025-11-21,328.16,28522.01,927.47,Directo,Loja,Activa
POL-00294,ASG-00311,Vehiculos,2024-08-17,2025-08-17,601.62,45572.37,679.85,Agente,Cuenca,Activa
POL-00295,ASG-00247,Salud,2024-07-18,2025-07-18,1833.37,29267.87,200.96,Directo,Manta,Cancelada
POL-00296,ASG-00216,Hogar,2024-07-29,2025-07-29,1787.2,36393.93,543.17,Directo,Ambato,Vencida
POL-00297,ASG-00180,Generales,2024-11-17,2025-11-17,1667.86,45853.65,869.75,Agente,Manta,Vencida
POL-00298,ASG-00069,Hogar,2026-01-23,2027-01-23,1111.14,15463.08,887.24,Digital,Cuenca,Cancelada
POL-00299,ASG-00279,Vida,2025-06-02,2026-06-02,738.27,5246.13,794.92,Agente,Loja,Cancelada
POL-00300,ASG-00268,Vehiculos,2026-05-20,2027-05-20,1183.6,21876.34,364.33,Digital,Manta,Vencida
POL-00301,ASG-00186,Vehiculos,2026-02-04,2027-02-04,563.12,34320.92,402.91,Directo,Quito,Cancelada
POL-00302,ASG-00188,Generales,2024-07-19,2025-07-19,768.45,35627.26,803.98,Directo,Quito,Cancelada
POL-00303,ASG-00286,Vida,2025-04-19,2026-04-19,603.82,30159.22,587.01,Digital,Cuenca,Cancelada
POL-00304,ASG-00177,Vida,2024-09-27,2025-09-27,1550.83,43474.95,727.43,Broker,Ambato,Vencida
POL-00305,ASG-00359,Salud,2024-12-30,2025-12-30,470.47,27875.46,828.86,Agente,Manta,Activa
POL-00306,ASG-00200,Vehiculos,2024-10-10,2025-10-10,1667.43,42046.5,577.33,Directo,Quito,Activa
POL-00307,ASG-00033,Hogar,2025-08-16,2026-08-16,677.01,8601.79,230.2,Directo,Ambato,Vencida
POL-00308,ASG-00315,Generales,2025-07-26,2026-07-26,787.0,48358.84,245.97,Broker,Loja,Cancelada
POL-00309,ASG-00254,Vida,2024-12-16,2025-12-16,318.21,43275.54,944.61,Digital,Quito,Activa
POL-00310,ASG-00018,Generales,2025-07-14,2026-07-14,1167.93,36430.24,692.15,Agente,Manta,Vencida
POL-00311,ASG-00123,Vehiculos,2026-03-17,2027-03-17,1958.6,8907.93,420.75,Directo,Cuenca,Vencida
POL-00312,ASG-00343,Vida,2026-04-10,2027-04-10,989.27,14013.97,212.29,Agente,Loja,Activa
POL-00313,ASG-00282,Hogar,2026-01-25,2027-01-25,1534.44,30160.12,666.35,Digital,Guayaquil,Vencida
POL-00314,ASG-00116,Generales,2026-05-15,2027-05-15,1937.2,25464.16,523.17,Agente,Cuenca,Vencida
POL-00315,ASG-00090,Vida,2025-04-25,2026-04-25,1160.6,30138.38,602.54,Digital,Manta,Activa
POL-00316,ASG-00263,Hogar,2025-05-31,2026-05-31,1789.39,41591.63,659.92,Directo,Cuenca,Vencida
POL-00317,ASG-00289,Vida,2025-11-07,2026-11-07,1608.94,39086.3,968.99,Directo,Ambato,Cancelada
POL-00318,ASG-00236,Generales,2025-06-18,2026-06-18,1765.44,26688.66,406.26,Directo,Cuenca,Cancelada
POL-00319,ASG-00113,Salud,2024-08-23,2025-08-23,1660.27,23559.17,482.48,Agente,Guayaquil,Cancelada
POL-00320,ASG-00135,Salud,2026-05-06,2027-05-06,788.39,22951.88,799.03,Digital,Manta,Activa
POL-00321,ASG-00284,Salud,2025-03-19,2026-03-19,1110.14,20909.21,915.45,Digital,Guayaquil,Activa
POL-00322,ASG-00383,Salud,2024-09-27,2025-09-27,1148.3,13984.99,788.34,Digital,Quito,Activa
POL-00323,ASG-00118,Salud,2024-11-15,2025-11-15,1719.4,42635.06,484.82,Agente,Cuenca,Activa
POL-00324,ASG-00041,Vida,2025-08-24,2026-08-24,1343.51,39390.99,633.18,Agente,Guayaquil,Vencida
POL-00325,ASG-00191,Generales,2024-06-25,2025-06-25,836.21,45415.45,904.79,Digital,Ambato,Vencida
POL-00326,ASG-00094,Generales,2026-03-12,2027-03-12,776.45,14994.18,661.33,Agente,Guayaquil,Cancelada
POL-00327,ASG-00217,Vida,2025-02-19,2026-02-19,1897.41,6465.32,477.83,Broker,Guayaquil,Vencida
POL-00328,ASG-00062,Generales,2024-09-19,2025-09-19,1082.12,36014.47,209.46,Broker,Cuenca,Vencida
POL-00329,ASG-00298,Vehiculos,2026-01-06,2027-01-06,853.24,32575.01,407.76,Digital,Cuenca,Activa
POL-00330,ASG-00138,Vida,2025-11-22,2026-11-22,1929.5,20439.34,347.13,Directo,Manta,Activa
POL-00331,ASG-00215,Hogar,2026-03-30,2027-03-30,920.63,23026.67,560.58,Broker,Manta,Cancelada
POL-00332,ASG-00352,Salud,2026-04-05,2027-04-05,1684.12,37436.7,843.27,Directo,Guayaquil,Vencida
POL-00333,ASG-00101,Salud,2024-08-18,2025-08-18,1660.06,38234.39,578.39,Agente,Guayaquil,Activa
POL-00334,ASG-00216,Vida,2025-11-08,2026-11-08,528.6,45197.17,704.52,Digital,Ambato,Vencida
POL-00335,ASG-00154,Hogar,2025-10-04,2026-10-04,1255.64,30552.55,518.72,Broker,Ambato,Activa
POL-00336,ASG-00111,Hogar,2025-10-07,2026-10-07,1110.12,33343.8,559.88,Digital,Loja,Vencida
POL-00337,ASG-00185,Hogar,2025-11-11,2026-11-11,1252.6,46933.01,406.17,Agente,Loja,Vencida
POL-00338,ASG-00063,Hogar,2026-03-16,2027-03-16,1774.53,48340.25,359.17,Broker,Cuenca,Vencida
POL-00339,ASG-00182,Hogar,2026-05-17,2027-05-17,1444.43,26937.22,789.22,Agente,Loja,Vencida
POL-00340,ASG-00315,Hogar,2024-07-03,2025-07-03,1088.38,48046.75,894.61,Digital,Loja,Vencida
POL-00341,ASG-00324,Generales,2024-06-25,2025-06-25,1271.78,43200.53,257.08,Broker,Loja,Vencida
POL-00342,ASG-00117,Hogar,2025-05-08,2026-05-08,838.69,18111.04,413.98,Directo,Cuenca,Vencida
POL-00343,ASG-00228,Hogar,2025-11-10,2026-11-10,1571.42,28442.11,560.23,Broker,Guayaquil,Activa
POL-00344,ASG-00012,Salud,2024-06-01,2025-06-01,1537.21,34791.01,952.35,Agente,Loja,Activa
POL-00345,ASG-00086,Vida,2025-02-20,2026-02-20,475.12,7870.66,902.95,Agente,Guayaquil,Activa
POL-00346,ASG-00395,Vida,2025-06-19,2026-06-19,1190.77,49820.62,283.14,Broker,Ambato,Activa
POL-00347,ASG-00336,Vida,2025-01-21,2026-01-21,825.93,16132.84,427.34,Broker,Cuenca,Activa
POL-00348,ASG-00270,Salud,2025-08-19,2026-08-19,348.57,34859.71,888.3,Digital,Guayaquil,Vencida
POL-00349,ASG-00240,Generales,2025-08-01,2026-08-01,1889.26,29684.54,308.09,Broker,Quito,Cancelada
POL-00350,ASG-00306,Vida,2024-10-31,2025-10-31,1372.78,33613.3,651.19,Digital,Cuenca,Vencida
POL-00351,ASG-00247,Generales,2025-07-08,2026-07-08,686.12,9029.93,446.29,Directo,Manta,Vencida
POL-00352,ASG-00080,Hogar,2026-04-04,2027-04-04,317.94,28549.23,806.63,Broker,Guayaquil,Vencida
POL-00353,ASG-00147,Vida,2025-03-30,2026-03-30,1209.67,35949.65,593.55,Directo,Loja,Vencida
POL-00354,ASG-00005,Vida,2024-11-23,2025-11-23,1656.54,31865.17,837.41,Digital,Quito,Activa
POL-00355,ASG-00211,Generales,2025-08-19,2026-08-19,1043.08,16245.33,771.95,Directo,Manta,Vencida
POL-00356,ASG-00113,Hogar,2025-02-12,2026-02-12,434.66,33139.54,613.29,Digital,Guayaquil,Vencida
POL-00357,ASG-00333,Generales,2025-07-24,2026-07-24,1674.97,23580.67,882.79,Broker,Guayaquil,Activa
POL-00358,ASG-00149,Vehiculos,2025-04-20,2026-04-20,1382.72,32797.82,417.71,Directo,Ambato,Activa
POL-00359,ASG-00165,Vehiculos,2024-12-24,2025-12-24,558.65,48637.23,217.7,Agente,Guayaquil,Vencida
POL-00360,ASG-00138,Salud,2024-05-31,2025-05-31,1515.83,37719.82,386.25,Broker,Manta,Activa
POL-00361,ASG-00253,Salud,2025-10-30,2026-10-30,881.25,19020.95,839.57,Digital,Quito,Vencida
POL-00362,ASG-00357,Vehiculos,2025-01-04,2026-01-04,861.42,42959.58,961.32,Agente,Guayaquil,Vencida
POL-00363,ASG-00398,Vida,2024-10-29,2025-10-29,421.35,26156.6,353.75,Digital,Manta,Vencida
POL-00364,ASG-00007,Vehiculos,2025-02-08,2026-02-08,1956.82,37160.71,507.84,Directo,Guayaquil,Activa
POL-00365,ASG-00378,Vehiculos,2025-05-18,2026-05-18,638.61,38089.53,275.17,Broker,Guayaquil,Vencida
POL-00366,ASG-00200,Hogar,2025-11-29,2026-11-29,1891.57,12137.51,782.59,Agente,Quito,Vencida
POL-00367,ASG-00247,Hogar,2025-10-28,2026-10-28,637.83,44938.38,890.93,Broker,Manta,Activa
POL-00368,ASG-00121,Vida,2024-09-04,2025-09-04,851.67,12531.22,420.88,Agente,Quito,Vencida
POL-00369,ASG-00125,Vehiculos,2025-10-01,2026-10-01,1947.02,31148.47,752.6,Broker,Guayaquil,Vencida
POL-00370,ASG-00395,Vehiculos,2026-05-25,2027-05-25,722.83,27496.36,748.76,Digital,Ambato,Cancelada
POL-00371,ASG-00031,Vehiculos,2024-11-07,2025-11-07,904.38,11926.33,629.08,Agente,Loja,Activa
POL-00372,ASG-00250,Salud,2024-06-30,2025-06-30,838.46,30125.77,715.72,Digital,Manta,Vencida
POL-00373,ASG-00376,Salud,2025-05-29,2026-05-29,336.3,21999.6,779.52,Digital,Quito,Activa
POL-00374,ASG-00249,Vida,2026-03-13,2027-03-13,1250.34,29423.03,592.07,Broker,Guayaquil,Cancelada
POL-00375,ASG-00179,Hogar,2025-10-22,2026-10-22,1545.08,17389.6,865.08,Broker,Cuenca,Activa
POL-00376,ASG-00272,Salud,2026-05-02,2027-05-02,1063.95,41873.83,633.28,Directo,Manta,Activa
POL-00377,ASG-00398,Generales,2025-09-12,2026-09-12,944.37,13349.04,214.98,Digital,Manta,Cancelada
POL-00378,ASG-00123,Hogar,2025-06-17,2026-06-17,1525.71,34623.02,631.17,Directo,Cuenca,Activa
POL-00379,ASG-00269,Vida,2025-03-30,2026-03-30,1601.75,11935.92,426.5,Directo,Manta,Cancelada
POL-00380,ASG-00165,Vehiculos,2025-03-18,2026-03-18,463.64,34650.1,235.02,Broker,Guayaquil,Activa
POL-00381,ASG-00017,Salud,2025-01-21,2026-01-21,481.99,13622.75,225.45,Directo,Loja,Cancelada
POL-00382,ASG-00251,Generales,2024-09-04,2025-09-04,1360.75,31563.54,239.27,Broker,Guayaquil,Cancelada
POL-00383,ASG-00368,Vehiculos,2025-07-15,2026-07-15,322.25,46446.58,724.6,Agente,Loja,Vencida
POL-00384,ASG-00328,Vehiculos,2025-11-06,2026-11-06,913.57,38456.48,912.34,Digital,Ambato,Cancelada
POL-00385,ASG-00030,Generales,2024-11-19,2025-11-19,751.89,6829.39,256.31,Digital,Cuenca,Activa
POL-00386,ASG-00111,Generales,2024-07-23,2025-07-23,465.1,37632.74,625.33,Broker,Loja,Activa
POL-00387,ASG-00270,Salud,2024-08-12,2025-08-12,1269.05,47637.65,646.74,Directo,Guayaquil,Cancelada
POL-00388,ASG-00055,Generales,2025-09-20,2026-09-20,908.54,25642.43,732.19,Agente,Guayaquil,Activa
POL-00389,ASG-00093,Generales,2024-10-15,2025-10-15,982.65,20188.08,326.54,Directo,Cuenca,Vencida
POL-00390,ASG-00162,Generales,2024-08-25,2025-08-25,1985.49,19609.43,497.38,Directo,Manta,Cancelada
POL-00391,ASG-00166,Generales,2025-08-13,2026-08-13,709.23,29553.18,500.05,Digital,Loja,Vencida
POL-00392,ASG-00232,Vida,2024-09-15,2025-09-15,1931.7,5008.8,227.73,Digital,Quito,Cancelada
POL-00393,ASG-00009,Generales,2025-01-06,2026-01-06,529.65,45064.61,205.26,Broker,Guayaquil,Activa
POL-00394,ASG-00162,Vehiculos,2024-07-24,2025-07-24,1611.59,47450.66,857.87,Broker,Manta,Activa
POL-00395,ASG-00020,Vida,2025-10-17,2026-10-17,904.61,11228.37,493.67,Broker,Ambato,Activa
POL-00396,ASG-00132,Hogar,2024-08-12,2025-08-12,456.24,22990.92,934.31,Agente,Manta,Cancelada
POL-00397,ASG-00167,Vida,2026-05-21,2027-05-21,593.93,42156.74,751.68,Agente,Quito,Cancelada
POL-00398,ASG-00329,Hogar,2026-04-25,2027-04-25,363.53,41375.35,505.24,Agente,Ambato,Vencida
POL-00399,ASG-00179,Vida,2024-07-30,2025-07-30,1008.09,44052.4,895.83,Broker,Cuenca,Cancelada
POL-00400,ASG-00335,Generales,2025-02-12,2026-02-12,1878.71,33524.92,705.75,Agente,Cuenca,Vencida
POL-00401,ASG-00269,Vehiculos,2025-04-27,2026-04-27,842.84,30421.08,461.47,Broker,Manta,Activa
POL-00402,ASG-00026,Vida,2025-12-15,2026-12-15,1950.77,38877.81,660.2,Agente,Guayaquil,Activa
POL-00403,ASG-00222,Hogar,2025-12-28,2026-12-28,1636.83,11660.56,468.93,Directo,Ambato,Cancelada
POL-00404,ASG-00382,Vehiculos,2024-08-19,2025-08-19,1231.86,16815.11,518.82,Directo,Loja,Cancelada
POL-00405,ASG-00067,Salud,2025-06-26,2026-06-26,1117.57,13914.88,516.26,Broker,Cuenca,Cancelada
POL-00406,ASG-00316,Generales,2025-08-02,2026-08-02,718.62,8223.98,821.42,Digital,Ambato,Cancelada
POL-00407,ASG-00295,Vehiculos,2025-12-24,2026-12-24,491.3,23611.19,492.21,Broker,Loja,Vencida
POL-00408,ASG-00177,Generales,2025-06-12,2026-06-12,1414.2,39635.66,335.4,Digital,Ambato,Cancelada
POL-00409,ASG-00227,Generales,2026-05-23,2027-05-23,547.89,7019.49,854.54,Broker,Cuenca,Cancelada
POL-00410,ASG-00192,Salud,2025-04-21,2026-04-21,1588.15,43374.39,289.9,Agente,Loja,Activa
POL-00411,ASG-00318,Salud,2025-08-22,2026-08-22,1776.88,41906.03,210.99,Agente,Quito,Vencida
POL-00412,ASG-00231,Vida,2026-01-03,2027-01-03,338.67,14405.43,630.4,Broker,Guayaquil,Cancelada
POL-00413,ASG-00268,Hogar,2025-01-19,2026-01-19,1232.96,33036.89,993.84,Agente,Manta,Vencida
POL-00414,ASG-00299,Generales,2025-09-27,2026-09-27,373.92,12664.38,427.21,Digital,Cuenca,Activa
POL-00415,ASG-00239,Vehiculos,2024-09-04,2025-09-04,413.22,34716.78,730.39,Digital,Cuenca,Activa
POL-00416,ASG-00010,Hogar,2025-04-15,2026-04-15,1774.6,34223.5,384.93,Directo,Cuenca,Cancelada
POL-00417,ASG-00364,Vehiculos,2025-09-02,2026-09-02,1836.58,26809.8,677.69,Agente,Quito,Activa
POL-00418,ASG-00102,Generales,2024-11-27,2025-11-27,1943.55,30230.94,769.98,Agente,Loja,Activa
POL-00419,ASG-00272,Hogar,2024-07-21,2025-07-21,867.07,22702.99,325.6,Digital,Manta,Cancelada
POL-00420,ASG-00181,Hogar,2026-05-12,2027-05-12,1362.89,15629.21,982.6,Digital,Manta,Activa
POL-00421,ASG-00321,Hogar,2024-10-07,2025-10-07,1793.75,45068.09,851.89,Agente,Ambato,Cancelada
POL-00422,ASG-00144,Salud,2025-05-15,2026-05-15,557.9,45372.89,725.55,Agente,Manta,Cancelada
POL-00423,ASG-00196,Generales,2025-01-21,2026-01-21,1933.03,32560.18,700.42,Broker,Guayaquil,Vencida
POL-00424,ASG-00124,Generales,2025-03-04,2026-03-04,559.67,48674.17,927.79,Digital,Quito,Vencida
POL-00425,ASG-00278,Salud,2025-07-12,2026-07-12,651.49,11235.94,633.08,Broker,Manta,Activa
POL-00426,ASG-00159,Generales,2025-10-13,2026-10-13,1846.26,24352.89,927.2,Broker,Quito,Cancelada
POL-00427,ASG-00290,Salud,2025-05-23,2026-05-23,839.74,30080.31,958.88,Agente,Loja,Activa
POL-00428,ASG-00163,Salud,2024-07-17,2025-07-17,1536.04,39444.58,904.11,Directo,Cuenca,Vencida
POL-00429,ASG-00156,Vida,2025-01-07,2026-01-07,1567.54,41976.43,709.48,Digital,Manta,Activa
POL-00430,ASG-00399,Salud,2026-03-05,2027-03-05,481.51,13313.59,809.96,Digital,Guayaquil,Cancelada
POL-00431,ASG-00291,Generales,2025-03-13,2026-03-13,692.55,15448.21,749.9,Digital,Loja,Activa
POL-00432,ASG-00353,Vida,2026-05-13,2027-05-13,527.95,43076.22,575.01,Digital,Manta,Activa
POL-00433,ASG-00199,Vida,2026-01-09,2027-01-09,1105.54,12370.39,381.02,Directo,Guayaquil,Activa
POL-00434,ASG-00139,Vida,2024-12-22,2025-12-22,678.34,35210.26,362.27,Broker,Cuenca,Activa
POL-00435,ASG-00091,Vida,2024-06-17,2025-06-17,1774.12,27047.43,459.92,Directo,Quito,Activa
POL-00436,ASG-00219,Vida,2024-07-13,2025-07-13,1619.57,32356.85,859.46,Digital,Ambato,Vencida
POL-00437,ASG-00314,Generales,2024-10-14,2025-10-14,1309.47,28635.37,900.63,Agente,Guayaquil,Cancelada
POL-00438,ASG-00056,Vida,2024-11-23,2025-11-23,1076.73,44499.51,902.22,Broker,Ambato,Cancelada
POL-00439,ASG-00276,Vida,2025-04-23,2026-04-23,1972.51,6766.32,509.92,Agente,Cuenca,Activa
POL-00440,ASG-00150,Vida,2025-01-25,2026-01-25,976.67,18704.94,862.1,Directo,Loja,Activa
POL-00441,ASG-00217,Hogar,2025-06-02,2026-06-02,1342.33,7454.6,613.58,Broker,Guayaquil,Vencida
POL-00442,ASG-00331,Vida,2026-03-25,2027-03-25,453.75,27529.6,343.82,Broker,Guayaquil,Vencida
POL-00443,ASG-00212,Hogar,2025-03-21,2026-03-21,1066.51,13049.54,672.25,Broker,Manta,Vencida
POL-00444,ASG-00047,Hogar,2026-05-08,2027-05-08,850.93,34185.94,769.18,Broker,Manta,Cancelada
POL-00445,ASG-00376,Vehiculos,2025-04-17,2026-04-17,455.03,36780.2,707.26,Agente,Quito,Cancelada
POL-00446,ASG-00363,Vida,2024-11-10,2025-11-10,1535.69,48883.61,689.66,Broker,Guayaquil,Vencida
POL-00447,ASG-00282,Vida,2024-06-11,2025-06-11,374.64,12689.82,468.15,Broker,Guayaquil,Activa
POL-00448,ASG-00075,Salud,2025-01-25,2026-01-25,1607.57,7308.97,446.45,Directo,Ambato,Vencida
POL-00449,ASG-00321,Salud,2025-01-30,2026-01-30,499.84,10920.7,362.28,Digital,Ambato,Activa
POL-00450,ASG-00235,Vida,2025-02-01,2026-02-01,1754.2,29457.55,204.6,Directo,Loja,Activa
POL-00451,ASG-00112,Generales,2026-03-29,2027-03-29,1421.1,25418.23,553.5,Agente,Cuenca,Activa
POL-00452,ASG-00281,Hogar,2024-10-22,2025-10-22,1353.6,30089.69,860.2,Agente,Guayaquil,Activa
POL-00453,ASG-00076,Vehiculos,2026-02-12,2027-02-12,1410.57,6652.45,883.06,Digital,Quito,Vencida
POL-00454,ASG-00045,Vehiculos,2024-05-31,2025-05-31,485.11,49718.08,329.07,Digital,Ambato,Cancelada
POL-00455,ASG-00339,Generales,2024-11-16,2025-11-16,1272.88,30297.97,973.03,Digital,Cuenca,Activa
POL-00456,ASG-00048,Hogar,2026-03-01,2027-03-01,848.8,45388.84,856.21,Directo,Cuenca,Cancelada
POL-00457,ASG-00034,Hogar,2024-11-27,2025-11-27,1100.39,10491.05,887.53,Digital,Guayaquil,Cancelada
POL-00458,ASG-00212,Generales,2025-08-18,2026-08-18,656.74,14407.29,246.55,Agente,Manta,Vencida
POL-00459,ASG-00371,Generales,2024-10-21,2025-10-21,1887.62,49382.53,429.75,Digital,Ambato,Vencida
POL-00460,ASG-00270,Generales,2025-08-06,2026-08-06,1991.54,20923.4,303.77,Directo,Guayaquil,Cancelada
POL-00461,ASG-00374,Vida,2024-08-21,2025-08-21,1137.26,13095.83,687.52,Digital,Ambato,Activa
POL-00462,ASG-00001,Vehiculos,2026-05-17,2027-05-17,340.78,33145.73,294.34,Broker,Guayaquil,Cancelada
POL-00463,ASG-00213,Vida,2025-12-15,2026-12-15,377.34,20734.25,844.83,Broker,Quito,Activa
POL-00464,ASG-00328,Salud,2024-07-04,2025-07-04,1473.03,16448.79,254.27,Digital,Ambato,Cancelada
POL-00465,ASG-00282,Hogar,2025-08-03,2026-08-03,1603.96,10122.65,466.63,Directo,Guayaquil,Cancelada
POL-00466,ASG-00292,Generales,2025-01-30,2026-01-30,1932.19,42441.92,355.21,Digital,Loja,Cancelada
POL-00467,ASG-00246,Vida,2025-05-01,2026-05-01,1655.33,34054.35,585.2,Directo,Loja,Cancelada
POL-00468,ASG-00172,Vida,2024-11-04,2025-11-04,1632.78,23627.89,794.07,Digital,Manta,Cancelada
POL-00469,ASG-00372,Hogar,2025-09-30,2026-09-30,1243.8,5842.33,661.92,Digital,Guayaquil,Vencida
POL-00470,ASG-00034,Salud,2025-05-24,2026-05-24,776.78,6402.79,986.9,Broker,Guayaquil,Cancelada
POL-00471,ASG-00311,Vida,2025-02-09,2026-02-09,618.54,10258.01,825.88,Digital,Cuenca,Cancelada
POL-00472,ASG-00162,Vehiculos,2025-06-14,2026-06-14,761.55,8905.9,901.64,Digital,Manta,Vencida
POL-00473,ASG-00155,Salud,2025-09-22,2026-09-22,1192.67,12875.57,499.37,Agente,Guayaquil,Activa
POL-00474,ASG-00048,Vida,2025-08-20,2026-08-20,1160.19,40956.14,923.96,Broker,Cuenca,Activa
POL-00475,ASG-00175,Vida,2024-08-28,2025-08-28,1545.15,28563.26,820.43,Broker,Loja,Activa
POL-00476,ASG-00265,Salud,2025-04-30,2026-04-30,648.82,6644.86,510.07,Agente,Quito,Activa
POL-00477,ASG-00160,Vehiculos,2025-02-18,2026-02-18,1467.99,31742.94,269.66,Directo,Ambato,Activa
POL-00478,ASG-00053,Generales,2024-12-05,2025-12-05,1602.51,38549.96,217.98,Digital,Loja,Cancelada
POL-00479,ASG-00108,Hogar,2026-05-04,2027-05-04,640.94,17895.53,625.82,Directo,Cuenca,Cancelada
POL-00480,ASG-00061,Hogar,2026-04-25,2027-04-25,553.85,17313.66,212.21,Agente,Guayaquil,Activa
POL-00481,ASG-00278,Hogar,2024-11-30,2025-11-30,1233.92,17197.34,954.62,Digital,Manta,Cancelada
POL-00482,ASG-00126,Salud,2025-08-22,2026-08-22,421.11,32596.83,470.99,Directo,Cuenca,Activa
POL-00483,ASG-00067,Vehiculos,2025-05-14,2026-05-14,1100.25,35397.32,284.74,Agente,Cuenca,Activa
POL-00484,ASG-00219,Vida,2024-11-12,2025-11-12,604.27,31825.46,674.2,Directo,Ambato,Cancelada
POL-00485,ASG-00183,Hogar,2025-12-03,2026-12-03,864.96,13916.62,806.72,Agente,Cuenca,Vencida
POL-00486,ASG-00291,Salud,2025-01-13,2026-01-13,457.96,41105.77,758.88,Agente,Loja,Vencida
POL-00487,ASG-00159,Vida,2025-02-13,2026-02-13,1099.93,47635.17,314.98,Digital,Quito,Vencida
POL-00488,ASG-00201,Salud,2024-06-21,2025-06-21,1489.34,34933.13,831.02,Digital,Loja,Vencida
POL-00489,ASG-00250,Vehiculos,2024-08-22,2025-08-22,411.12,10079.92,582.92,Broker,Manta,Vencida
POL-00490,ASG-00394,Hogar,2026-01-10,2027-01-10,1327.55,10732.73,282.35,Agente,Cuenca,Vencida
POL-00491,ASG-00285,Vehiculos,2024-07-05,2025-07-05,1647.13,28973.55,520.65,Directo,Ambato,Activa
POL-00492,ASG-00318,Salud,2025-12-25,2026-12-25,1231.51,48825.13,507.05,Digital,Quito,Activa
POL-00493,ASG-00356,Generales,2024-08-07,2025-08-07,1032.95,49109.24,653.77,Digital,Quito,Cancelada
POL-00494,ASG-00356,Salud,2025-01-02,2026-01-02,594.25,35132.23,791.49,Directo,Quito,Activa
POL-00495,ASG-00304,Generales,2024-11-12,2025-11-12,1086.94,29978.95,857.62,Broker,Quito,Vencida
POL-00496,ASG-00208,Vehiculos,2025-06-01,2026-06-01,1317.04,35847.89,677.12,Directo,Manta,Vencida
POL-00497,ASG-00254,Vehiculos,2024-08-12,2025-08-12,453.91,41766.51,909.81,Agente,Quito,Activa
POL-00498,ASG-00339,Salud,2024-06-28,2025-06-28,1070.06,18117.65,692.46,Directo,Cuenca,Activa
POL-00499,ASG-00106,Hogar,2024-12-21,2025-12-21,809.55,40745.6,743.65,Directo,Manta,Cancelada
POL-00500,ASG-00177,Vehiculos,2026-02-10,2027-02-10,1290.64,32517.08,608.34,Broker,Ambato,Vencida
POL-00501,ASG-00032,Hogar,2025-01-23,2026-01-23,1831.83,48555.48,200.67,Digital,Ambato,Activa
POL-00502,ASG-00145,Vehiculos,2025-02-09,2026-02-09,699.91,36599.98,515.41,Digital,Ambato,Cancelada
POL-00503,ASG-00196,Vida,2026-05-25,2027-05-25,948.66,29530.35,729.99,Directo,Guayaquil,Activa
POL-00504,ASG-00097,Generales,2025-05-04,2026-05-04,953.81,46601.69,871.97,Broker,Quito,Vencida
POL-00505,ASG-00344,Salud,2025-01-21,2026-01-21,528.27,8228.57,212.57,Directo,Guayaquil,Cancelada
POL-00506,ASG-00224,Salud,2025-04-02,2026-04-02,443.93,33900.93,532.68,Directo,Quito,Cancelada
POL-00507,ASG-00310,Vida,2025-11-12,2026-11-12,1359.52,25447.75,539.3,Directo,Ambato,Vencida
POL-00508,ASG-00182,Salud,2025-03-15,2026-03-15,615.84,32205.8,662.35,Broker,Loja,Cancelada
POL-00509,ASG-00257,Hogar,2024-08-02,2025-08-02,998.42,29577.48,493.58,Agente,Guayaquil,Cancelada
POL-00510,ASG-00248,Hogar,2025-11-12,2026-11-12,492.38,26668.98,752.4,Broker,Manta,Cancelada
POL-00511,ASG-00375,Generales,2024-08-22,2025-08-22,1972.08,49265.08,823.1,Directo,Guayaquil,Cancelada
POL-00512,ASG-00041,Generales,2025-11-24,2026-11-24,1812.86,8980.09,577.96,Agente,Guayaquil,Cancelada
POL-00513,ASG-00325,Generales,2024-08-29,2025-08-29,1656.77,19062.49,242.22,Digital,Cuenca,Cancelada
POL-00514,ASG-00399,Vehiculos,2025-05-23,2026-05-23,1097.08,28069.84,575.39,Digital,Guayaquil,Vencida
POL-00515,ASG-00181,Hogar,2024-06-26,2025-06-26,791.65,6589.68,938.29,Digital,Manta,Cancelada
POL-00516,ASG-00289,Hogar,2024-11-26,2025-11-26,404.41,26292.22,335.26,Agente,Ambato,Cancelada
POL-00517,ASG-00150,Generales,2025-09-02,2026-09-02,346.41,26814.21,301.46,Agente,Loja,Vencida
POL-00518,ASG-00130,Salud,2024-07-29,2025-07-29,1346.86,17384.77,405.56,Agente,Loja,Cancelada
POL-00519,ASG-00090,Generales,2025-10-29,2026-10-29,1556.24,34662.0,495.81,Broker,Manta,Vencida
POL-00520,ASG-00359,Salud,2025-08-13,2026-08-13,1124.36,40971.74,889.61,Digital,Manta,Activa
POL-00521,ASG-00075,Generales,2024-07-10,2025-07-10,1887.7,11936.76,596.76,Directo,Ambato,Vencida
POL-00522,ASG-00122,Vida,2026-04-29,2027-04-29,1534.2,12527.75,662.21,Digital,Ambato,Activa
POL-00523,ASG-00329,Hogar,2024-11-17,2025-11-17,1584.32,10219.75,334.08,Directo,Ambato,Vencida
POL-00524,ASG-00155,Vida,2026-03-24,2027-03-24,1568.46,38859.25,626.02,Directo,Guayaquil,Cancelada
POL-00525,ASG-00362,Vida,2026-03-12,2027-03-12,1106.8,11531.74,896.22,Agente,Quito,Vencida
POL-00526,ASG-00230,Vida,2025-01-02,2026-01-02,1453.44,48279.32,746.3,Agente,Quito,Activa
POL-00527,ASG-00273,Hogar,2025-06-23,2026-06-23,1925.51,24430.36,934.43,Digital,Cuenca,Vencida
POL-00528,ASG-00139,Hogar,2026-04-30,2027-04-30,1663.94,16490.48,667.34,Directo,Cuenca,Cancelada
POL-00529,ASG-00384,Salud,2025-03-25,2026-03-25,1548.33,31492.59,355.94,Digital,Loja,Cancelada
POL-00530,ASG-00354,Salud,2024-07-27,2025-07-27,832.56,5476.01,206.78,Agente,Quito,Activa
POL-00531,ASG-00211,Vehiculos,2025-04-20,2026-04-20,1192.95,35847.48,481.21,Digital,Manta,Vencida
POL-00532,ASG-00099,Vehiculos,2025-06-16,2026-06-16,340.29,9137.36,950.8,Broker,Cuenca,Cancelada
POL-00533,ASG-00327,Vehiculos,2025-02-24,2026-02-24,1503.73,10398.97,885.15,Broker,Cuenca,Vencida
POL-00534,ASG-00337,Generales,2024-07-09,2025-07-09,1665.44,13314.59,288.68,Broker,Ambato,Vencida
POL-00535,ASG-00151,Vida,2024-06-20,2025-06-20,1422.81,8407.14,562.76,Digital,Ambato,Vencida
POL-00536,ASG-00355,Hogar,2025-04-05,2026-04-05,737.47,40132.91,421.83,Agente,Guayaquil,Vencida
POL-00537,ASG-00199,Hogar,2025-08-12,2026-08-12,1993.13,16620.74,850.24,Broker,Guayaquil,Vencida
POL-00538,ASG-00036,Vida,2024-09-26,2025-09-26,1965.02,14030.11,514.11,Directo,Quito,Activa
POL-00539,ASG-00074,Generales,2024-11-26,2025-11-26,1606.8,14827.39,714.67,Directo,Manta,Cancelada
POL-00540,ASG-00133,Vehiculos,2025-06-25,2026-06-25,359.26,8168.55,782.04,Directo,Ambato,Activa
POL-00541,ASG-00255,Salud,2025-06-10,2026-06-10,1409.87,5039.04,230.27,Directo,Quito,Vencida
POL-00542,ASG-00078,Hogar,2024-06-05,2025-06-05,1837.85,30858.81,612.31,Directo,Manta,Vencida
POL-00543,ASG-00224,Vida,2026-05-05,2027-05-05,1734.88,40142.17,828.31,Broker,Quito,Activa
POL-00544,ASG-00197,Vida,2025-05-17,2026-05-17,506.05,29088.68,993.28,Digital,Cuenca,Cancelada
POL-00545,ASG-00156,Vida,2025-03-03,2026-03-03,393.83,49865.71,717.66,Digital,Manta,Cancelada
POL-00546,ASG-00175,Vehiculos,2026-01-04,2027-01-04,1730.01,39220.39,431.97,Broker,Loja,Activa
POL-00547,ASG-00284,Vehiculos,2025-05-05,2026-05-05,1944.77,34733.03,439.1,Directo,Guayaquil,Activa
POL-00548,ASG-00323,Hogar,2024-11-09,2025-11-09,1127.06,44834.64,550.39,Broker,Cuenca,Activa
POL-00549,ASG-00019,Salud,2025-09-26,2026-09-26,343.12,49837.26,390.79,Directo,Loja,Activa
POL-00550,ASG-00277,Hogar,2024-12-12,2025-12-12,1149.46,48422.92,849.42,Agente,Cuenca,Activa
POL-00551,ASG-00174,Vehiculos,2025-06-10,2026-06-10,874.12,37445.54,524.41,Broker,Guayaquil,Cancelada
POL-00552,ASG-00342,Generales,2025-05-22,2026-05-22,1079.23,35513.5,899.4,Broker,Manta,Cancelada
POL-00553,ASG-00297,Salud,2025-03-21,2026-03-21,1872.19,6659.5,313.27,Agente,Manta,Vencida
POL-00554,ASG-00317,Vehiculos,2025-09-05,2026-09-05,712.56,34195.39,211.49,Agente,Loja,Vencida
POL-00555,ASG-00050,Vida,2025-11-07,2026-11-07,1339.08,42590.85,251.17,Agente,Loja,Activa
POL-00556,ASG-00255,Generales,2024-11-07,2025-11-07,1658.6,14925.76,843.56,Directo,Quito,Vencida
POL-00557,ASG-00378,Vida,2024-11-17,2025-11-17,851.2,48913.4,660.77,Broker,Guayaquil,Vencida
POL-00558,ASG-00110,Vehiculos,2024-10-08,2025-10-08,1308.24,20097.67,296.6,Broker,Guayaquil,Vencida
POL-00559,ASG-00087,Hogar,2025-04-17,2026-04-17,1240.79,24739.75,940.54,Agente,Quito,Activa
POL-00560,ASG-00052,Generales,2026-04-20,2027-04-20,939.42,12098.91,903.7,Agente,Quito,Activa
POL-00561,ASG-00004,Salud,2025-10-26,2026-10-26,1874.43,36803.36,674.98,Digital,Manta,Vencida
POL-00562,ASG-00356,Vida,2025-07-20,2026-07-20,1477.01,14277.21,711.86,Directo,Quito,Vencida
POL-00563,ASG-00123,Salud,2026-01-10,2027-01-10,1337.91,6692.95,344.0,Directo,Cuenca,Cancelada
POL-00564,ASG-00046,Hogar,2026-04-08,2027-04-08,891.35,5205.65,388.51,Agente,Cuenca,Cancelada
POL-00565,ASG-00049,Generales,2024-09-26,2025-09-26,915.23,39250.77,631.78,Broker,Ambato,Vencida
POL-00566,ASG-00395,Salud,2025-06-25,2026-06-25,769.93,13717.35,837.29,Directo,Ambato,Vencida
POL-00567,ASG-00091,Salud,2024-07-06,2025-07-06,1439.24,6940.2,715.89,Digital,Quito,Activa
POL-00568,ASG-00223,Hogar,2024-10-20,2025-10-20,868.3,41231.92,806.73,Agente,Quito,Activa
POL-00569,ASG-00380,Vehiculos,2025-12-06,2026-12-06,1872.26,12914.94,828.39,Directo,Ambato,Cancelada
POL-00570,ASG-00060,Vehiculos,2025-08-03,2026-08-03,1821.63,37463.14,674.17,Digital,Manta,Vencida
POL-00571,ASG-00102,Hogar,2025-07-02,2026-07-02,691.11,9955.98,382.23,Broker,Loja,Cancelada
POL-00572,ASG-00212,Salud,2026-04-15,2027-04-15,938.41,14929.82,576.79,Directo,Manta,Activa
POL-00573,ASG-00224,Salud,2026-03-12,2027-03-12,667.48,32424.51,342.45,Digital,Quito,Activa
POL-00574,ASG-00235,Salud,2024-07-21,2025-07-21,1374.44,48900.02,361.77,Broker,Loja,Activa
POL-00575,ASG-00355,Generales,2024-08-01,2025-08-01,401.41,11142.57,881.32,Directo,Guayaquil,Vencida
POL-00576,ASG-00088,Hogar,2024-10-29,2025-10-29,673.75,18282.27,325.43,Broker,Manta,Cancelada
POL-00577,ASG-00284,Salud,2024-07-27,2025-07-27,447.01,43563.82,591.37,Broker,Guayaquil,Cancelada
POL-00578,ASG-00243,Vida,2024-06-25,2025-06-25,774.59,37850.8,788.94,Broker,Ambato,Activa
POL-00579,ASG-00168,Vida,2024-09-12,2025-09-12,1285.09,45132.02,673.42,Broker,Loja,Cancelada
POL-00580,ASG-00003,Vida,2025-09-12,2026-09-12,1966.31,6802.64,576.52,Agente,Quito,Vencida
POL-00581,ASG-00272,Vida,2026-01-03,2027-01-03,1114.76,40910.79,857.03,Directo,Manta,Vencida
POL-00582,ASG-00124,Vehiculos,2024-12-18,2025-12-18,1249.43,5559.03,785.43,Broker,Quito,Activa
POL-00583,ASG-00184,Hogar,2026-02-15,2027-02-15,706.41,49952.82,212.74,Digital,Guayaquil,Activa
POL-00584,ASG-00361,Vida,2025-05-12,2026-05-12,1758.47,38627.9,219.53,Directo,Guayaquil,Vencida
POL-00585,ASG-00396,Salud,2024-09-23,2025-09-23,1786.14,23241.22,831.89,Digital,Cuenca,Cancelada
POL-00586,ASG-00238,Vehiculos,2026-03-20,2027-03-20,1762.65,8181.44,914.75,Digital,Loja,Cancelada
POL-00587,ASG-00017,Hogar,2025-01-21,2026-01-21,1024.03,17140.52,956.88,Broker,Loja,Cancelada
POL-00588,ASG-00042,Generales,2025-05-16,2026-05-16,1797.44,38109.24,243.85,Digital,Ambato,Activa
POL-00589,ASG-00057,Vida,2026-01-29,2027-01-29,921.5,32861.01,492.46,Broker,Guayaquil,Cancelada
POL-00590,ASG-00287,Vehiculos,2024-10-05,2025-10-05,1253.29,39810.9,310.72,Digital,Ambato,Activa
POL-00591,ASG-00277,Vehiculos,2026-03-02,2027-03-02,1403.37,38182.1,801.82,Broker,Cuenca,Cancelada
POL-00592,ASG-00390,Salud,2026-03-04,2027-03-04,844.79,45406.99,602.85,Directo,Manta,Vencida
POL-00593,ASG-00028,Vehiculos,2025-01-03,2026-01-03,933.78,25358.48,601.16,Agente,Loja,Vencida
POL-00594,ASG-00364,Generales,2026-03-14,2027-03-14,1453.12,28978.5,433.81,Digital,Quito,Cancelada
POL-00595,ASG-00355,Vehiculos,2025-11-13,2026-11-13,620.2,44779.05,269.85,Directo,Guayaquil,Activa
POL-00596,ASG-00148,Vehiculos,2025-10-28,2026-10-28,485.92,17417.42,757.67,Directo,Ambato,Activa
POL-00597,ASG-00105,Generales,2025-08-23,2026-08-23,1918.58,6021.06,533.23,Broker,Cuenca,Vencida
POL-00598,ASG-00178,Vida,2025-01-18,2026-01-18,1054.56,34010.8,433.21,Agente,Loja,Activa
POL-00599,ASG-00119,Generales,2026-02-06,2027-02-06,1395.94,23526.13,474.23,Digital,Manta,Vencida
POL-00600,ASG-00304,Generales,2026-05-19,2027-05-19,1731.24,25036.53,443.27,Broker,Quito,Vencida
